Song,Overall,2016,2015,2014,2013,2012,2011,2010,2009,2008,2007,2006,2005,2004,2003,2002,2001,2000,1999,1998,1997,1996,1995
146,1,1,1,1,1,1,6,2,1,1,11,1,2,2,1,2,2,2,2,3,2,3,1
155,2,3,4,3,18,5,1,4,2,2,3,2,3,4,7,1,5,3,4,4,3,4,4
480,3,9,5,2,4,2,13,7,15,3,2,2,1,6,2,5,4,8,7,5,5,15,11
475,4,3,13,14,6,16,16,20,12,12,11,13,5,14,10,4,1,1,3,1,1,2,6
45t,5,41,29,39,48,19,20,15,7,11,20,9,7,3,5,3,3,4,1,2,4,1,2
300,6,11,7,6,5,23,2,10,19,22,9,16,25,5,7,9,14,6,11,7,9,7,4
59,7,6,20,11,8,6,24,26,17,10,11,9,13,9,3,21,9,6,5,8,6,9,3
142,8,16,12,5,10,13,5,5,3,8,4,4,8,15,12,7,7,28,23,24,26,50,15
503,9,31,10,18,14,8,4,1,7,5,1,5,27,22,24,24,8,12,26,9,31,22,29
178,10,2,1,4,1,3,3,3,5,4,14,18,18,28,39,26,38,33,33,50,33,42,61
63,11,24,19,21,19,21,24,9,23,9,8,24,16,15,20,13,11,5,12,20,10,10,7
99,12,6,6,18,26,27,13,17,4,7,9,5,10,8,14,9,16,25,23,20,43,98,47
384,13,36,23,33,33,32,10,24,35,13,24,7,22,7,6,6,5,10,21,27,8,11,10
40,14,20,20,15,16,12,8,24,33,17,27,25,13,17,20,16,24,16,19,13,19,13,22
171,15,11,15,16,13,13,30,12,10,25,5,14,8,11,7,13,19,47,44,32,25,39,47
318,16,9,8,9,14,10,13,18,10,15,18,29,37,19,10,18,32,24,26,20,26,56,39
335,17,39,50,21,33,20,17,37,28,15,7,7,12,11,15,8,12,12,15,13,33,16,18
276,18,13,18,13,10,4,7,12,25,22,16,19,15,11,31,24,30,36,35,41,43,21,35
47b,19,16,3,12,3,6,9,8,6,13,5,14,19,10,50,52,55,33,54,45,43,69,44
47t,20,26,14,6,9,16,20,21,19,18,34,46,35,37,35,32,13,31,8,11,16,13,20
68b,21,62,62,58,22,39,33,39,38,25,16,20,5,25,16,11,22,10,8,17,7,8,24
159,22,23,15,28,36,13,24,11,18,25,14,9,27,33,25,20,60,29,12,17,13,22,31
454,23,29,32,31,23,40,34,37,26,25,31,43,29,26,26,28,27,14,10,12,12,6,7
32t,24,36,42,33,32,21,10,6,7,6,28,16,25,22,26,32,33,33,34,30,26,47,44
112,25,21,17,20,23,28,38,19,29,31,24,26,24,32,13,19,9,9,23,67,30,52,51
101t,26,59,38,32,25,36,32,29,23,30,18,27,29,35,42,38,24,18,31,24,22,22,9
34b,27,36,22,46,31,25,42,44,44,48,46,33,20,30,41,44,30,19,15,15,11,5,11
569b,28,71,72,35,39,58,40,34,42,18,24,22,10,20,17,15,27,16,18,34,22,30,31
282,29,8,10,8,21,16,28,36,19,20,21,9,4,1,57,62,51,80,62,74,91,80,122
36b,30,15,29,53,41,45,34,21,35,24,28,40,36,22,28,26,23,36,46,20,43,22,18
270,31,51,46,27,19,28,43,44,33,35,28,43,32,17,19,22,17,15,14,27,60,28,68
84,32,68,35,26,27,36,31,35,47,31,33,33,33,29,28,28,34,47,15,9,33,30,51
192,33,28,28,48,28,35,22,39,16,21,23,33,38,39,31,35,20,44,29,45,43,56,39
168,34,14,24,24,10,23,18,12,30,36,37,38,33,40,62,54,67,51,35,37,43,42,41
358,35,113,96,77,79,51,63,58,38,42,22,23,22,27,33,16,14,19,5,15,33,19,13
268,36,19,24,24,7,11,18,21,12,45,46,52,46,49,57,49,55,44,41,32,40,62,53
217,37,21,31,21,46,25,59,46,47,39,35,33,55,36,28,34,44,25,39,36,21,39,43
299,38,33,53,43,54,51,57,49,49,60,35,46,40,34,17,22,17,23,26,19,20,19,55
143,39,84,77,100,122,69,72,63,64,38,42,31,16,20,4,11,24,29,19,6,26,18,29
186,40,51,39,76,63,62,50,49,63,39,61,30,31,42,45,28,47,25,31,38,22,29,16
49b,41,67,32,45,58,33,37,56,58,36,39,68,55,37,40,40,48,53,41,34,16,35,24
269,42,45,68,28,52,51,50,43,51,58,55,49,58,49,37,47,41,21,52,40,40,37,24
274t,43,75,90,61,58,51,48,49,31,43,50,33,40,31,23,31,21,42,57,61,62,72,81
340,44,71,39,39,50,67,87,49,46,46,39,41,60,58,43,40,39,56,46,42,40,39,33
163b,45,27,45,39,28,33,23,15,32,47,49,31,48,54,52,59,80,124,95,112,100,122,122
203,46,55,77,61,48,69,44,46,49,51,31,21,20,42,81,37,58,75,82,70,93,84,68
82t,47,71,39,63,70,49,34,31,35,48,45,60,79,46,62,50,67,59,69,50,50,42,82
312b,48,51,62,35,35,42,48,68,27,53,41,41,43,86,93,46,51,47,91,42,53,117,102
77t,49,60,32,39,43,42,41,31,38,34,57,28,45,76,100,104,55,124,65,48,86,92,93
277,50,18,59,17,38,31,29,41,12,25,43,86,73,87,117,67,77,105,82,79,117,127,139
31t,51,60,58,35,41,36,38,42,60,67,84,89,93,40,54,74,42,53,55,61,60,72,93
225t,52,71,87,107,89,81,75,60,84,100,65,60,50,68,35,36,34,47,35,48,14,42,36
448t,53,25,27,53,47,41,24,30,54,33,37,39,53,96,83,91,80,80,135,103,112,107,147
460,54,68,53,50,68,95,97,68,73,60,84,86,93,60,54,38,42,60,48,47,33,33,28
72b,55,56,66,28,30,51,63,49,42,51,68,53,46,87,62,83,87,78,94,70,109,87,76
30t,56,117,119,95,77,93,132,117,93,55,84,68,77,47,62,48,44,22,35,42,16,16,13
436,57,56,53,72,69,72,68,88,66,43,51,66,44,42,69,57,65,65,79,89,66,80,53
37b,58,42,82,100,79,63,101,78,110,70,93,64,62,49,71,69,37,44,58,39,70,22,41
222,59,104,137,119,119,116,106,83,67,55,52,60,63,53,37,40,34,63,21,26,62,53,34
542,60,51,26,48,39,49,46,26,38,39,43,56,79,54,61,62,51,147,110,112,169,166,263
66,61,134,74,72,64,46,77,31,51,60,93,56,69,64,47,62,60,60,69,67,53,92,61
430,62,56,74,53,60,69,73,83,53,79,72,48,73,54,22,40,39,63,95,127,127,98,93
148,63,49,53,56,62,75,63,73,75,60,57,53,48,60,71,59,75,71,50,63,100,171,117
145b,64,208,178,119,119,120,109,122,104,100,48,56,40,48,47,52,29,36,59,30,38,22,24
81t,65,75,50,67,89,72,92,93,77,110,93,68,63,62,33,54,51,40,62,109,106,127,107
196,66,49,64,107,101,90,75,104,67,128,72,53,53,72,83,56,90,60,65,95,76,65,78
344,67,33,46,35,44,51,47,57,45,67,100,89,87,92,123,106,123,133,119,98,109,111,158
48t,68,80,90,79,73,67,109,104,134,119,114,86,112,91,83,74,48,56,41,50,69,33,56
39t,69,75,46,66,50,46,50,46,102,82,81,43,58,81,106,106,82,93,107,127,117,107,139
198,70,123,89,104,79,72,63,83,60,71,72,98,50,78,83,76,87,78,65,59,52,103,93
62,71,63,87,70,82,85,55,77,67,110,72,89,97,81,88,83,96,85,91,79,58,65,74
546,72,31,42,50,54,42,50,68,60,60,62,111,100,113,117,91,110,105,140,150,117,70,102
189,73,117,101,79,130,102,70,61,93,114,114,66,81,96,59,62,73,65,71,65,79,37,36
129,74,160,123,79,89,87,73,63,54,93,65,104,55,68,49,67,73,89,82,65,74,87,64
347,75,91,36,44,44,60,54,73,58,59,93,108,100,93,93,87,75,76,95,122,100,122,235
46,76,123,97,91,70,81,128,63,67,114,120,94,73,62,62,59,67,68,79,70,79,50,44
76b,77,87,115,87,73,87,62,58,82,71,57,81,38,76,43,91,90,93,95,103,173,114,117
100,77,147,108,135,105,161,138,151,77,85,78,49,69,72,76,62,84,89,40,53,50,30,20
216,79,87,97,100,110,109,103,83,64,93,84,81,61,57,54,76,60,76,82,53,81,92,82
383,80,101,101,60,66,46,60,73,75,53,52,89,90,64,91,110,77,89,129,122,140,135,87
354b,81,91,108,127,122,131,102,93,105,74,63,76,97,49,59,83,67,52,48,79,70,82,74
87,82,87,101,87,94,107,117,143,131,114,78,49,63,59,76,91,127,73,59,53,65,62,59
236,83,75,93,89,64,58,68,117,89,76,97,79,96,96,53,81,119,97,71,83,66,114,102
107,84,45,72,63,54,28,45,63,67,60,68,93,90,81,110,98,102,133,163,138,130,181,197
532,85,99,105,156,101,97,82,78,89,97,81,81,67,42,50,81,84,56,79,103,87,105,130
73t,86,129,152,153,138,138,135,151,152,133,105,72,81,81,71,69,60,31,45,59,15,47,50
472,87,5,8,9,17,8,12,26,19,67,100,135,204,201,194,280,219,224,358,344,320,355,333
86,88,47,77,56,54,64,60,73,54,55,57,76,88,78,104,106,132,143,163,172,148,187,197
61,89,117,131,165,130,129,161,135,118,71,55,64,81,68,76,87,102,42,62,87,58,56,36
147t,90,197,164,148,119,164,142,131,110,85,100,79,69,66,88,50,48,53,55,53,49,36,57
128,91,125,90,95,94,97,94,63,82,76,52,59,85,122,122,121,90,93,71,92,93,87,107
29t,92,87,85,93,75,87,94,122,105,93,68,101,73,113,128,87,82,112,82,74,55,122,122
504,93,47,70,74,60,66,80,61,77,48,64,60,77,120,127,147,140,112,153,138,183,155,185
209,94,33,53,46,37,77,70,99,84,79,120,73,100,134,144,131,174,130,140,159,82,117,168
183,95,80,82,84,70,60,80,82,93,110,112,98,165,115,62,140,112,105,107,83,107,142,68
35,96,121,105,107,82,81,82,112,81,104,125,158,109,87,93,57,87,151,95,89,74,59,82
373,97,129,93,119,127,120,112,125,84,82,78,104,112,96,93,114,102,85,65,98,55,53,57
455,98,63,111,79,82,65,55,88,89,97,90,101,107,103,119,121,119,105,119,112,114,117,147
448b,99,104,101,100,99,164,94,104,93,85,72,76,116,72,99,83,60,80,119,115,100,92,107
200,100,137,148,127,115,148,120,88,98,114,81,114,97,68,76,76,106,73,82,87,55,77,68
111b,101,109,46,58,87,116,99,80,67,85,125,135,154,140,110,131,98,130,153,92,87,65,64
137,102,215,235,213,235,154,235,187,164,133,67,106,112,103,100,69,67,36,29,27,32,11,17
39b,103,203,158,165,141,154,144,169,116,100,105,123,90,159,144,76,44,41,52,53,39,42,23
49t,104,63,77,67,105,51,58,80,110,128,167,123,134,78,81,102,94,89,119,172,135,135,197
348b,105,147,191,213,117,182,168,151,131,79,68,108,93,72,71,44,67,71,71,74,66,53,64
441,106,113,111,89,130,97,97,101,139,85,120,111,156,121,106,119,102,101,76,74,82,59,59
89,107,68,61,70,96,116,135,143,105,119,167,128,123,122,90,91,77,97,133,115,109,84,87
117,108,84,122,106,127,114,85,169,144,93,97,123,100,127,119,102,90,80,106,69,72,103,107
452,109,134,137,131,110,111,82,88,98,123,137,114,63,93,100,131,130,112,110,98,130,70,68
434,110,117,172,131,158,120,189,135,98,74,141,81,126,134,114,112,119,85,71,109,62,49,68
106,111,91,77,84,130,107,85,104,110,99,114,164,112,106,137,125,112,143,119,119,97,77,135
75,112,147,186,135,193,161,210,148,166,114,84,135,100,103,76,87,58,68,82,53,82,59,47
145t,113,177,119,131,122,120,125,125,164,104,114,128,81,140,123,106,84,65,91,95,87,65,130
182,114,126,85,95,75,81,90,83,77,78,105,114,134,122,163,136,110,164,173,159,188,135,102
442,115,167,148,119,99,116,92,112,102,85,105,111,88,95,83,98,106,133,153,138,154,142,175
350,116,121,97,116,117,120,99,49,73,110,84,101,143,127,119,104,112,164,133,127,169,274,215
440,117,80,59,67,52,111,90,68,116,60,90,73,100,149,144,169,219,200,222,248,220,204,227
565,118,171,129,153,149,148,120,135,139,104,123,81,69,66,62,91,98,112,149,167,154,181,119
497,119,171,134,141,141,131,120,173,179,144,114,114,134,110,100,98,112,112,104,83,76,82,86
474,120,95,68,98,110,109,138,97,93,85,148,147,123,110,106,125,123,180,163,144,117,150,285
56t,121,84,117,116,105,102,149,104,134,158,90,114,129,159,137,147,133,124,146,115,117,92,107
317,121,215,216,141,149,125,168,180,175,141,155,123,107,127,106,91,65,85,59,73,97,98,61
208,123,97,82,159,105,90,112,131,171,138,137,107,123,182,123,69,140,121,107,103,207,142,130
228,124,39,36,63,66,78,63,117,127,100,105,108,134,140,186,219,182,224,196,206,244,244,275
411,124,43,70,93,82,80,77,68,110,104,105,158,154,170,186,188,182,206,234,214,183,111,139
547,126,43,42,74,87,105,87,101,98,124,141,114,150,122,151,174,170,200,217,185,201,204,171
294,127,171,183,186,170,144,144,169,120,183,97,114,156,101,104,76,94,104,114,98,82,74,76
283,128,98,144,119,101,93,87,93,84,82,148,145,126,145,151,138,188,159,146,108,135,187,215
30b,129,101,66,139,141,138,117,99,159,85,130,123,50,106,175,188,191,206,104,185,148,158,107
224,130,140,144,141,206,154,149,131,152,144,137,94,116,81,93,69,96,121,95,150,130,166,139
496,131,104,111,127,138,111,106,92,155,104,114,114,85,101,71,121,140,124,159,312,307,212,207
215,132,95,142,116,96,105,158,160,120,130,112,98,129,164,133,114,149,159,135,144,148,193,175
490,132,250,235,174,190,201,189,169,192,158,100,68,68,87,46,112,133,112,119,127,107,114,82
290,134,197,226,207,193,266,204,187,208,219,167,168,116,106,69,110,98,68,50,63,72,62,67
288,135,129,172,141,158,141,120,141,120,133,145,94,150,153,133,124,106,140,114,83,124,142,147
421,136,107,134,119,149,171,117,112,139,132,130,155,170,149,123,166,160,101,119,103,154,127,107
313t,137,165,115,125,149,137,112,125,84,169,151,143,156,122,151,114,140,147,159,135,124,101,147
528,138,113,97,98,130,125,130,112,105,148,125,135,140,116,157,144,154,178,143,159,164,158,175
457,139,99,74,79,110,76,103,125,127,161,145,160,109,116,198,158,158,151,146,159,236,255,253
551,140,160,148,114,130,97,161,151,166,141,163,155,116,116,157,153,140,105,82,138,117,127,147
122,141,80,126,111,101,171,168,181,146,133,151,135,134,127,136,129,140,143,170,144,112,150,160
108t,142,262,214,141,163,141,142,217,179,203,125,94,129,106,110,131,112,159,82,137,91,77,78
33b,143,147,105,125,96,102,132,104,146,133,105,160,197,153,144,188,112,121,129,211,201,192,190
56b,144,91,123,141,127,131,128,148,120,144,72,147,178,149,210,144,162,180,135,179,173,171,171
176b,145,144,126,114,156,131,112,97,89,124,104,171,210,249,218,197,191,200,149,135,114,146,91
500,146,75,50,50,77,85,77,49,57,130,157,190,234,321,322,346,275,328,333,179,227,171,235
74b,147,171,191,221,175,211,135,135,139,172,163,128,140,174,137,138,133,97,76,98,188,122,89
479,147,141,172,111,144,114,138,122,120,119,148,171,129,134,110,136,133,164,210,185,201,193,215
313b,149,107,108,104,93,78,125,112,158,183,191,198,197,188,210,197,170,164,163,150,130,187,183
273,150,158,172,131,210,178,206,173,110,172,185,164,143,110,151,98,140,180,189,95,135,127,130
328,151,141,144,156,149,129,120,117,105,152,130,128,116,134,186,144,162,215,205,167,201,204,190
127,152,177,281,272,213,217,185,199,146,169,185,147,143,174,163,131,130,105,95,92,93,74,91
445,153,141,131,127,149,158,144,101,166,148,125,175,182,159,144,156,167,185,184,217,207,111,155
144,154,197,245,213,181,164,189,239,214,178,155,218,129,145,128,140,123,80,78,109,100,135,126
163t,155,129,178,171,110,158,168,181,120,124,157,175,156,165,171,177,167,138,163,127,169,166,215
212,155,111,148,148,251,194,229,227,159,183,204,190,140,127,144,140,140,164,129,89,114,127,100
34t,157,182,183,207,149,144,168,173,192,152,170,145,156,193,163,147,127,112,143,144,130,122,147
297,157,192,197,195,196,194,168,160,214,191,178,114,116,127,114,140,133,147,149,167,100,135,135
388,159,147,214,213,175,227,196,181,134,148,170,175,116,127,128,158,162,193,135,79,93,146,158
481,160,126,131,91,89,90,103,125,127,164,151,143,208,174,163,185,249,185,228,233,201,233,333
512,161,186,123,156,181,164,189,173,134,104,123,190,201,174,171,158,154,151,205,150,144,127,147
498,162,219,164,186,170,180,199,181,179,178,157,147,109,149,151,212,140,151,140,127,127,107,135
42,163,134,158,141,130,175,210,187,211,212,163,133,126,249,157,166,170,173,95,150,124,146,197
38b,164,113,134,135,138,138,130,143,118,172,130,133,178,182,186,219,182,206,228,226,188,212,207
327,165,177,191,171,196,185,179,191,146,152,157,147,178,153,144,158,179,173,161,150,140,162,107
535,166,109,117,161,144,141,199,208,208,164,191,135,182,153,186,166,202,185,173,122,197,171,197
229,167,171,164,139,163,125,116,104,131,124,130,175,187,159,175,177,179,193,210,278,173,313,246
179,168,256,226,240,190,164,144,162,166,144,172,128,150,170,186,177,154,97,119,138,154,158,190
378t,168,239,262,161,82,144,149,141,159,138,130,135,134,165,171,188,202,224,205,167,188,204,175
410t,170,208,186,247,196,185,144,151,192,152,190,190,173,168,151,197,98,140,110,138,135,171,168
349,171,144,168,207,175,227,149,135,155,161,130,147,156,134,174,158,152,185,181,177,183,199,227
172,172,126,152,190,175,211,216,162,208,191,185,168,192,168,157,129,158,112,170,185,183,171,139
28b,173,219,257,179,290,231,210,195,186,148,249,218,182,145,163,197,123,112,114,115,76,84,139
218,174,248,235,259,206,148,168,203,192,172,163,164,182,153,133,147,191,173,173,119,164,91,102
566,175,147,226,240,206,201,199,267,232,198,227,160,143,116,91,114,160,180,143,167,144,155,147
285t,176,232,257,235,175,164,221,181,155,267,191,198,214,228,137,125,112,105,153,122,140,105,155
284,177,137,152,148,144,171,216,227,283,223,181,211,173,145,128,114,149,147,181,179,207,233,160
65,178,111,93,77,122,171,149,151,227,191,204,198,187,228,204,188,202,224,249,193,173,223,215
58,179,186,235,179,161,211,163,148,179,183,218,171,230,228,223,153,152,124,129,193,127,146,126
235,179,262,197,165,190,201,221,162,146,119,181,175,192,134,128,169,174,124,205,206,207,212,139
501,181,203,168,174,213,185,106,104,127,235,172,188,156,201,186,204,212,164,210,197,164,155,160
97,182,312,186,195,196,220,221,203,120,138,151,185,192,210,175,204,174,133,192,177,144,135,130
564,182,29,64,84,122,95,109,131,152,161,141,190,251,243,287,257,236,360,421,400,426,415,450
120,184,239,216,272,173,185,179,199,203,212,185,175,170,153,143,169,133,143,184,150,154,162,185
319,185,167,158,179,169,154,210,135,175,158,157,164,143,96,157,177,249,224,228,242,286,233,207
362,185,147,208,259,202,148,204,187,186,178,172,147,143,140,137,147,162,193,196,172,188,233,285
73b,187,250,235,259,271,278,242,203,321,198,196,135,150,201,114,153,182,164,114,119,117,101,93
64,188,186,164,221,213,185,199,199,214,169,249,190,197,228,182,169,198,151,181,150,144,117,89
426t,189,192,226,259,286,323,256,391,294,219,258,234,221,170,198,119,106,93,110,74,87,74,119
426b,190,167,126,201,181,175,138,173,144,207,141,160,165,180,137,158,188,224,245,312,320,255,197
31b,191,312,226,207,255,194,183,212,259,141,223,225,156,182,182,174,198,138,119,159,140,127,99
339,192,160,168,135,156,148,229,235,220,183,145,147,187,159,258,156,257,193,196,248,164,244,171
67,193,208,137,179,181,158,158,143,139,212,196,202,192,201,186,239,230,239,222,197,216,181,107
456,194,144,178,148,115,97,125,93,146,164,172,202,260,222,210,250,336,265,264,211,270,255,263
405,195,232,216,213,251,231,262,239,192,297,227,234,201,193,169,125,167,101,103,127,188,107,139
515,196,129,129,229,225,201,185,191,192,245,196,242,173,222,182,158,127,159,135,150,227,307,285
556,196,147,137,111,105,185,163,162,159,183,181,168,201,170,244,226,214,257,305,263,236,233,253
176t,198,219,137,186,213,201,189,191,186,207,204,202,173,193,175,212,209,193,189,179,180,150,215
377,199,101,152,161,144,125,149,117,203,198,191,155,221,210,232,266,275,265,249,233,256,223,285
378b,199,291,183,190,240,194,235,217,247,223,172,218,234,222,204,219,119,130,114,159,148,171,122
85,201,227,226,195,181,231,235,195,242,152,212,308,156,228,198,204,154,151,163,172,173,181,93
124,202,349,295,247,277,278,229,203,254,235,137,73,106,165,163,158,174,158,161,278,244,166,175
314,202,160,197,190,202,164,273,227,232,172,185,234,234,188,175,177,191,173,163,172,220,171,185
114,204,203,208,190,181,148,185,162,171,223,181,246,234,200,194,177,219,206,205,193,173,233,197
389,204,256,262,272,206,144,196,151,192,178,196,218,214,228,232,226,209,200,173,226,188,150,78
272,206,147,186,171,161,185,185,227,179,164,172,175,221,193,232,212,219,206,217,233,216,274,242
220,207,262,287,315,240,259,206,227,203,203,267,225,182,188,169,185,198,151,184,122,148,158,119
108b,208,186,152,179,230,206,242,151,175,198,258,211,244,210,223,233,265,257,222,197,173,92,190
298,209,239,245,201,225,231,199,225,254,240,196,286,230,243,279,219,133,178,153,197,148,135,100
391,210,250,202,159,210,161,168,199,179,203,209,171,221,267,270,239,214,133,184,217,244,193,263
499,211,262,197,226,255,241,221,245,259,183,289,202,173,174,93,185,182,233,217,193,197,204,190
110,212,208,281,213,255,278,247,208,192,191,204,202,286,180,194,204,174,173,222,179,207,162,160
303,213,322,245,161,170,244,247,245,269,279,241,202,165,188,210,188,179,206,173,197,227,187,155
187,214,147,119,153,144,185,163,151,214,279,236,225,214,260,322,236,309,257,272,296,244,233,190
540,215,177,147,190,213,175,168,162,134,164,157,185,251,210,258,266,236,293,249,217,298,488,535
201,216,192,226,235,221,220,206,212,254,245,227,234,187,188,182,212,202,191,217,179,252,266,242
354t,217,160,111,165,130,131,158,130,171,198,191,294,221,321,322,294,219,411,374,389,336,274,355
385b,218,256,362,259,326,194,252,227,220,207,218,197,143,140,204,204,249,245,249,255,164,193,135
278b,219,227,383,279,265,271,273,303,242,223,227,319,204,201,175,188,149,140,173,185,154,193,175
105,220,137,142,107,181,131,149,162,211,172,209,246,192,267,369,313,373,341,358,312,393,307,333
278t,220,63,178,165,181,185,132,208,186,191,267,279,276,254,279,257,275,276,358,312,256,216,344
324,220,215,325,174,163,220,179,245,269,191,212,213,260,260,279,226,219,200,196,217,154,199,263
361,220,197,295,279,255,227,210,235,203,223,249,246,178,238,210,188,242,185,196,144,183,255,227
162,224,147,158,195,173,182,168,191,159,183,218,185,221,222,270,212,257,411,239,312,307,454,372
53,225,186,216,247,213,278,216,245,232,207,178,218,214,193,287,226,202,233,173,242,227,181,263
392,226,208,235,259,196,206,163,143,192,235,212,225,270,193,236,211,309,265,210,263,298,216,300
43,227,272,235,240,255,217,247,303,227,212,212,175,165,174,223,239,202,215,234,242,270,244,160
133,228,208,191,174,235,194,216,279,239,297,196,254,234,222,227,204,219,245,196,248,252,223,197
77b,229,227,172,207,277,248,163,223,203,240,204,294,234,219,258,239,219,224,170,242,216,296,246
306,230,227,208,247,290,251,242,239,232,223,267,218,221,254,258,233,188,215,210,197,180,171,185
343,231,343,350,332,326,288,338,374,274,313,272,225,260,182,157,177,182,159,149,144,135,166,126
280,232,192,235,165,240,266,196,217,259,178,281,202,251,228,236,212,265,245,210,226,227,255,242
477,233,171,162,221,175,206,273,217,283,313,218,202,170,182,198,219,202,257,264,368,320,374,263
123t,234,335,373,350,341,431,411,279,274,354,272,319,230,210,227,250,191,164,119,127,97,87,107
332,235,239,245,240,230,278,256,303,294,245,196,257,210,201,175,266,230,233,217,242,188,199,175
138t,236,219,202,229,158,217,256,262,186,212,267,242,234,267,232,236,265,239,192,206,270,313,322
371,237,312,216,376,230,241,210,267,227,252,227,225,345,277,204,233,242,220,228,197,154,171,160
102,238,177,178,174,163,244,179,225,283,223,227,286,270,357,236,280,275,215,294,217,207,296,322
365,239,203,216,292,221,194,168,195,192,203,241,218,214,284,334,280,230,233,320,242,256,296,285
336,240,215,262,259,297,310,296,255,283,240,236,175,234,228,210,174,236,213,196,263,236,223,207
52t,241,232,245,207,255,220,206,239,239,252,241,190,210,219,198,188,320,316,245,296,347,255,311
111t,241,322,191,350,374,278,356,255,283,290,241,188,270,210,236,177,170,180,184,214,197,229,253
523,243,302,216,279,265,297,284,262,321,297,281,359,251,267,218,147,191,213,234,197,188,187,207
78,244,312,421,417,361,347,369,345,414,279,241,273,251,210,210,169,191,191,153,185,154,117,126
408,245,272,335,297,317,231,273,287,294,258,289,286,204,207,204,197,214,220,192,159,256,223,227
492,246,165,162,195,163,211,149,255,166,191,272,395,312,297,355,280,298,411,272,355,256,282,397
418,247,250,245,307,235,259,326,217,220,258,289,213,260,284,218,197,236,239,239,233,286,216,275
428,248,197,245,179,213,220,308,262,175,258,212,234,303,249,270,266,309,316,305,312,307,255,235
401,249,400,304,376,351,288,369,173,179,152,178,234,165,193,258,294,214,276,234,344,307,296,285
287,250,227,245,357,271,231,296,203,220,223,249,262,260,243,244,321,242,293,239,248,236,244,227
341,250,280,318,240,230,248,183,279,344,245,223,246,286,243,258,219,289,285,280,210,256,244,215
399b,250,182,172,201,240,251,326,267,247,279,249,246,312,243,244,321,361,276,313,217,234,266,190
157,253,232,235,201,221,206,221,195,214,240,258,246,208,297,236,257,298,293,382,368,307,307,355
507,253,280,262,229,213,180,149,217,192,212,223,345,295,309,287,239,257,276,320,328,320,296,355
376,255,256,335,247,235,182,235,212,308,267,236,273,234,267,270,257,242,224,239,296,307,204,285
57,256,248,287,297,351,297,338,357,294,297,312,262,276,260,258,212,289,215,196,159,169,181,160
119,257,335,362,392,413,381,385,357,385,344,281,262,295,210,198,204,198,164,173,185,154,150,175
473,258,256,245,240,240,227,252,227,220,245,281,175,187,207,236,280,275,206,272,412,393,454,477
131b,259,203,186,148,193,211,242,227,232,258,289,294,286,357,287,280,230,285,305,412,393,274,372
71,260,219,202,226,277,231,262,279,321,364,272,279,197,207,251,219,242,285,305,255,320,282,322
380,261,349,295,307,271,220,216,212,308,252,223,242,221,254,298,346,265,276,222,263,256,229,311
432,261,186,168,229,221,206,247,245,239,207,249,430,276,330,322,382,275,293,333,226,256,374,285
267,263,208,262,259,240,231,221,255,283,252,289,279,295,330,298,274,219,245,249,278,256,282,300
485,263,232,202,226,210,220,221,255,259,223,227,234,321,284,279,400,336,341,320,328,408,244,207
234,265,335,262,259,290,259,385,303,247,290,272,262,295,284,244,257,219,185,272,211,236,266,185
138b,266,272,325,332,240,278,318,208,274,279,329,294,251,357,244,197,249,193,228,197,286,282,300
530,267,349,262,292,286,244,235,267,321,267,218,234,276,284,194,250,298,411,320,312,201,233,215
400,268,219,287,272,230,278,262,326,247,267,227,198,260,284,258,280,373,316,294,296,286,216,253
419,269,291,191,297,255,241,326,334,227,219,289,246,260,277,287,239,236,285,320,255,347,282,253
345b,270,272,274,240,326,271,338,334,294,297,329,225,244,260,204,239,242,233,234,289,256,313,227
91,271,280,335,247,271,297,296,255,294,354,249,279,303,249,251,346,265,239,245,248,220,223,197
134,272,291,304,221,202,248,235,334,171,279,281,294,345,309,270,400,393,276,313,289,227,204,275
406,272,167,318,229,240,244,273,391,274,313,312,242,312,321,227,239,289,328,280,289,286,255,246
254,274,302,295,292,317,266,252,279,232,273,329,279,276,238,298,226,298,257,249,263,220,266,344
334,275,312,350,272,395,310,308,357,321,273,196,213,214,254,227,257,275,285,264,255,244,255,275
522,276,250,152,235,181,288,252,173,211,223,209,336,270,426,407,346,309,374,421,312,376,392,397
135,277,280,304,259,271,288,338,326,283,306,241,294,210,182,223,306,289,245,280,306,320,296,300
352,278,312,295,235,297,310,273,267,367,290,301,262,214,238,311,239,257,245,280,328,256,282,215
141,279,343,335,279,374,310,256,293,308,322,249,225,244,267,251,313,257,239,264,278,234,266,215
549,280,280,295,279,163,178,189,186,186,245,312,319,286,340,344,382,393,374,442,400,393,334,383
180,281,291,226,235,317,259,338,235,344,273,236,294,303,297,251,294,289,257,272,368,278,296,253
275b,282,322,421,332,297,372,308,303,321,397,340,376,303,309,258,306,162,233,249,263,180,162,215
304,282,322,383,259,351,307,296,293,247,219,272,257,270,330,344,274,265,265,294,263,244,216,311
323b,284,407,421,368,395,372,273,345,294,322,360,262,244,210,279,313,214,200,280,226,207,229,160
70b,285,158,208,307,240,307,247,345,259,313,312,257,286,228,298,346,320,224,249,412,376,454,383
271t,286,280,304,297,277,266,235,245,220,267,289,273,409,309,311,274,320,276,313,278,336,355,263
177,287,239,318,357,311,310,262,293,227,273,289,262,244,277,287,280,320,265,305,306,298,324,285
95,288,291,281,213,255,266,308,303,332,279,258,359,330,357,355,257,249,257,192,328,347,296,355
195,289,280,245,247,240,297,262,316,294,306,312,286,303,277,218,280,265,328,249,296,364,355,372
27,290,335,235,332,311,271,318,287,232,332,392,308,312,238,270,294,320,328,294,217,244,233,311
38t,291,312,257,179,255,259,273,267,254,252,301,262,330,284,270,361,320,316,344,312,376,313,397
166,292,312,262,221,235,331,318,345,451,354,312,430,330,249,279,236,289,239,222,278,298,255,253
396,293,182,202,247,326,297,326,223,294,273,272,273,351,357,355,321,336,360,358,312,307,282,285
489,294,385,274,297,297,331,356,293,430,409,301,308,244,219,298,250,230,220,305,233,220,313,311
369,295,357,335,287,317,331,394,374,367,344,392,359,276,297,258,239,320,220,189,263,227,216,235
204,296,372,262,201,265,331,296,345,400,279,329,336,367,267,334,321,257,328,249,248,278,282,227
191,297,322,281,279,297,251,296,316,344,235,258,286,286,340,251,361,336,316,344,289,278,282,322
150,298,232,325,279,428,310,262,212,259,332,212,254,260,277,334,280,336,341,280,344,408,355,383
425,298,379,304,322,277,231,273,287,337,459,258,336,244,267,298,306,230,193,280,355,364,392,275
240,300,385,287,376,374,297,338,245,247,279,301,262,276,243,279,266,309,265,294,312,364,296,311
153,301,239,383,322,290,323,262,357,400,409,349,336,409,309,210,313,275,316,249,206,236,233,275
338,302,357,287,292,277,393,366,391,308,306,289,319,234,309,287,334,309,245,320,255,197,324,285
424,303,372,393,315,265,259,308,303,274,240,258,319,303,309,287,257,275,374,382,400,364,266,263
213t,304,280,304,322,225,271,338,279,247,364,453,376,330,340,244,313,336,316,358,263,364,282,235
151,305,322,287,350,361,444,394,303,259,235,258,257,312,222,311,294,275,316,344,306,278,392,300
28t,306,272,281,307,395,331,262,267,283,297,301,262,367,284,236,266,249,293,320,368,347,392,477
316,307,357,304,357,317,372,369,357,294,297,258,319,321,260,344,294,298,276,249,312,256,266,263
390,307,385,406,357,326,393,356,293,367,306,312,308,295,297,311,294,209,245,210,255,286,282,322
568,307,335,335,259,341,288,284,293,308,245,236,202,251,382,287,280,320,328,294,527,447,433,397
70t,310,250,295,297,251,323,284,267,367,306,312,395,221,284,251,274,275,341,442,368,347,334,450
126,310,291,335,341,326,381,463,334,352,428,349,359,303,321,298,346,348,293,264,185,220,199,197
315,310,262,216,213,225,251,308,293,308,290,312,319,345,340,298,400,361,305,358,355,426,374,450
345t,313,385,362,350,441,463,369,374,344,322,289,279,276,254,270,361,336,293,333,278,207,193,168
368,314,385,304,417,351,323,338,334,337,332,281,319,276,260,298,294,320,305,249,233,278,244,322
422,315,182,216,292,277,359,284,267,274,279,301,273,449,357,369,346,411,305,382,344,393,324,355
538,316,335,335,307,290,278,256,262,274,290,312,286,295,297,287,321,298,341,320,289,426,454,450
147b,317,448,350,376,290,393,326,419,400,344,370,319,367,297,322,306,219,265,196,233,220,296,242
113,318,272,262,307,311,323,296,255,269,290,249,359,378,403,322,382,348,293,401,368,270,313,322
302,318,262,373,315,413,297,338,334,269,267,281,254,330,277,279,321,289,341,294,226,393,433,535
193,320,357,335,322,317,211,189,293,214,322,349,308,330,330,311,361,393,411,333,368,408,374,333
505,321,197,202,186,202,231,256,279,274,332,370,386,378,330,392,400,373,374,467,467,482,454,515
83t,322,357,325,357,326,372,308,419,385,459,406,319,378,372,298,274,212,257,264,263,252,229,215
88t,323,322,350,341,428,331,385,435,321,322,329,376,312,228,227,226,257,245,280,355,298,345,397
567,323,372,318,357,341,307,273,316,352,297,381,257,378,393,236,257,289,293,280,328,307,355,285
207,325,322,274,322,297,347,284,391,294,364,301,345,312,357,355,377,275,305,313,255,298,324,300
379,325,335,350,445,395,359,411,345,367,297,301,359,295,277,344,280,289,276,249,278,270,282,235
543,325,357,362,332,326,310,318,357,337,344,392,273,260,267,270,274,320,305,294,278,270,355,419
510,328,429,440,417,470,502,477,326,352,354,227,246,204,238,218,239,242,285,272,344,307,345,322
446,329,262,304,297,317,417,326,316,308,306,340,376,330,357,251,266,336,316,280,355,336,355,322
181,330,192,362,341,317,271,262,316,321,354,340,294,397,297,311,334,348,328,401,328,347,334,397
550,331,349,245,279,297,259,229,267,242,223,289,376,351,468,380,419,393,475,382,368,364,415,419
569t,332,343,208,247,271,331,308,326,321,223,301,294,321,321,287,313,348,427,344,467,482,544,535
385t,333,357,470,376,395,331,284,400,352,332,381,345,251,330,311,294,298,316,264,248,307,244,285
50b,334,429,373,332,326,381,394,491,414,409,281,294,251,254,298,306,257,360,280,289,298,313,227
403,334,429,498,445,456,480,394,400,352,290,381,308,351,267,258,294,298,265,239,226,278,244,171
323t,336,302,350,341,265,288,221,245,269,258,272,286,351,321,355,382,393,475,401,400,482,454,419
29b,337,302,350,272,317,381,318,345,352,313,272,262,330,321,380,346,393,328,374,328,347,374,263
333,338,385,350,445,341,347,385,293,332,354,433,213,321,297,322,250,298,265,344,312,320,374,311
170,339,272,295,402,286,347,338,316,385,382,340,359,303,284,322,250,309,390,344,467,376,282,300
326,339,302,335,287,265,323,296,419,451,382,360,319,351,403,344,313,309,341,294,278,286,355,300
439,339,291,287,315,240,251,229,235,294,313,340,345,378,468,407,461,393,452,333,368,336,392,477
101b,342,262,257,322,395,359,284,326,308,344,267,395,286,357,392,226,320,341,358,400,347,512,450
48b,343,343,350,297,341,359,326,419,294,364,508,376,378,403,355,382,249,265,344,289,307,216,246
309,344,239,318,322,297,331,326,303,259,212,241,225,378,330,423,461,503,411,467,499,447,415,383
131t,345,302,226,350,297,251,426,262,259,364,312,415,312,260,466,400,275,390,442,467,376,374,355
417,346,280,383,259,255,297,284,293,308,364,329,359,351,340,449,346,429,305,320,412,320,433,477
444,346,219,325,247,251,310,318,316,367,258,349,395,397,403,490,400,393,341,320,400,408,345,372
139,348,407,458,417,374,431,369,400,294,397,360,359,330,340,258,280,348,374,264,217,256,274,246
79,349,357,421,417,395,480,318,287,321,435,340,294,351,340,334,334,298,305,272,328,286,255,263
121,349,302,335,341,326,372,242,245,283,364,370,471,378,284,334,334,336,427,333,355,347,334,419
495,351,349,350,368,456,417,447,400,367,543,312,286,230,297,344,280,309,374,305,263,278,274,300
164,352,429,440,376,374,404,437,374,367,382,370,345,270,309,244,294,249,285,320,368,320,313,207
438,352,349,458,315,311,310,284,316,332,332,370,279,276,382,392,306,361,305,344,412,336,374,355
560,354,262,245,247,361,359,296,334,385,273,340,319,345,340,369,400,393,475,382,389,376,392,372
175,355,379,335,376,351,417,356,419,385,364,312,308,397,309,369,382,298,293,374,233,286,307,285
548,356,219,197,297,326,310,366,357,352,428,480,471,378,382,344,461,361,305,358,312,298,433,355
312t,357,280,325,332,413,271,338,345,352,364,349,345,260,393,334,334,373,245,382,355,482,512,383
573,357,322,335,341,286,288,284,267,385,332,381,319,330,340,380,334,320,360,382,467,482,374,419
527,359,272,216,201,277,251,296,279,254,258,360,386,484,468,490,461,532,526,467,412,517,512,477
506,360,232,208,287,297,288,326,287,242,332,349,533,409,445,369,461,482,390,467,444,364,454,515
321,361,465,484,465,470,480,463,374,385,382,360,376,351,330,344,321,348,293,280,233,216,233,183
337,362,429,440,417,361,417,394,374,367,322,406,376,378,321,298,334,320,328,280,263,307,274,246
136,363,500,498,511,374,381,369,303,283,409,392,395,330,340,334,321,482,341,249,306,256,204,253
227,363,256,262,195,225,278,262,239,385,344,381,471,449,468,407,419,503,507,507,499,466,433,450
521,365,322,274,435,351,323,284,334,220,344,370,395,367,426,322,361,451,374,421,412,393,415,372
330b,366,280,362,315,290,347,369,287,308,313,340,395,330,403,311,382,373,411,467,400,466,415,397
342,366,484,508,417,484,431,296,334,332,397,381,294,351,340,322,361,309,316,313,328,286,266,253
370,366,357,325,392,341,359,308,316,242,313,289,345,409,382,334,419,361,341,467,368,447,392,419
464,369,322,257,229,196,297,369,345,337,364,406,499,428,468,449,497,361,427,358,499,408,374,355
491,369,343,383,392,484,359,394,400,430,332,329,359,295,330,423,382,393,316,320,344,278,244,333
245,371,400,421,417,395,331,369,326,400,354,329,213,286,309,355,294,393,360,442,412,408,334,397
250,371,465,421,392,395,331,234,345,274,306,453,308,397,445,355,382,361,285,358,328,347,374,355
104,373,429,458,445,512,463,506,520,490,488,532,308,330,445,322,321,348,245,228,217,207,212,207
44,374,520,383,445,531,444,366,374,344,428,480,430,449,445,369,306,275,265,239,214,244,244,322
214,374,291,373,376,326,393,338,316,321,252,381,294,378,357,355,419,551,390,374,412,393,355,419
260,374,520,440,445,361,372,394,419,400,332,329,308,286,372,369,313,411,328,280,312,320,282,333
74t,377,262,274,376,441,444,447,444,367,364,349,430,303,403,407,419,265,341,344,328,376,334,275
415,378,420,325,322,441,359,326,345,430,409,360,319,467,372,380,382,348,390,358,278,270,334,355
296,379,302,325,287,361,480,394,357,414,435,360,336,378,403,344,382,482,390,382,263,320,313,344
149,380,357,362,357,413,359,369,334,308,382,349,386,515,382,392,361,411,374,305,328,320,324,344
205,381,484,406,402,484,347,326,374,337,332,241,359,312,340,407,419,373,341,401,412,364,355,263
486,382,302,281,332,351,331,308,345,332,354,312,359,409,403,322,346,411,507,467,444,540,415,515
494,382,429,421,445,395,463,385,245,352,322,312,294,351,340,311,438,373,360,374,355,320,392,383
372,384,335,304,322,341,393,356,374,414,364,340,319,409,382,392,541,429,390,382,412,336,324,355
375,384,291,335,376,456,310,385,357,438,322,301,359,397,382,369,250,429,475,507,412,347,374,397
32b,386,312,383,341,456,347,463,374,400,488,370,386,345,445,369,361,236,411,401,328,307,324,372
291,386,379,362,392,374,331,394,400,414,435,392,345,330,309,392,419,320,305,382,368,347,345,344
351,388,291,318,297,297,404,326,400,451,332,349,359,351,340,380,497,411,452,421,368,426,433,419
123b,389,372,304,376,395,444,394,334,352,409,453,386,449,372,380,400,373,390,344,328,376,307,246
534,390,239,274,287,341,331,273,239,259,313,433,430,484,519,519,497,429,507,507,527,540,488,477
466,391,239,262,376,277,347,284,303,337,258,370,345,467,547,490,497,503,452,467,467,517,488,535
329,392,379,406,341,311,381,338,303,367,364,392,430,428,357,392,382,411,452,401,444,320,334,333
154,393,302,304,445,374,444,411,357,451,428,480,376,351,340,334,400,373,293,401,312,298,433,355
447,394,291,274,307,341,251,262,400,451,382,406,395,484,340,423,497,503,475,507,400,393,433,397
544,395,407,414,465,498,543,447,400,367,322,433,336,351,297,311,266,348,360,401,355,286,296,397
482,396,484,383,465,498,463,477,419,367,472,301,386,428,393,344,321,348,390,313,263,270,274,300
331,397,473,287,272,361,381,356,267,490,513,480,456,351,426,355,346,451,390,507,389,408,324,275
348t,398,312,295,322,297,288,369,357,400,409,508,395,484,445,490,334,393,427,421,389,447,345,419
322,399,448,373,392,311,323,426,357,438,435,370,430,515,468,466,334,336,305,294,263,364,392,397
109,400,448,406,417,413,463,447,400,414,397,433,430,428,445,449,461,336,374,374,306,252,199,235
402,401,484,414,499,456,404,369,391,352,354,406,376,409,309,380,321,336,374,333,344,347,355,322
125,402,385,383,341,484,393,338,461,352,459,370,336,321,372,355,377,393,360,344,355,408,355,535
231,403,465,362,368,428,549,477,539,524,459,406,514,428,393,311,361,265,245,333,255,236,415,253
210,404,385,318,402,470,347,356,326,283,322,467,395,330,426,423,400,429,341,382,389,482,433,419
230,405,343,373,332,297,271,296,326,367,382,349,430,321,494,466,497,411,475,531,467,466,512,450
60,406,357,393,465,374,297,385,357,367,258,360,336,351,426,449,461,429,390,507,444,393,454,383
98,407,448,414,402,395,463,411,475,438,435,360,359,367,403,392,321,373,427,245,296,364,313,355
387,407,385,373,376,441,480,426,400,430,435,406,499,449,284,490,361,320,328,320,355,286,355,311
173,409,379,470,247,297,372,426,435,438,472,433,308,321,426,449,419,429,411,401,389,393,374,355
197,409,322,350,376,326,417,318,400,344,409,406,345,351,357,355,461,482,427,467,444,482,454,383
202,411,372,373,417,413,417,477,475,451,409,392,430,409,284,298,346,361,341,344,355,376,355,419
211,412,385,508,392,413,347,426,357,385,382,329,336,409,445,407,361,451,427,333,368,408,355,344
232,413,429,393,357,456,381,369,400,308,459,312,319,367,403,369,361,482,427,401,499,482,392,419
69t,414,400,406,350,326,310,477,491,438,472,480,415,409,445,466,382,373,360,421,368,336,334,275
435,414,473,421,368,361,372,338,400,414,435,392,430,409,372,344,400,265,390,467,412,393,488,383
80b,416,407,470,465,531,502,394,419,430,435,406,430,321,445,407,361,373,341,294,296,336,345,311
167,417,407,458,417,413,347,411,374,476,488,360,471,397,403,423,438,361,328,344,368,320,345,355
206,418,420,362,435,413,480,447,461,533,435,453,430,367,382,407,461,373,390,272,296,347,307,372
156,419,322,304,307,428,331,437,444,490,428,433,395,484,494,449,461,429,475,421,412,376,345,344
536,420,349,440,435,428,393,369,419,385,397,406,395,428,468,369,382,411,411,374,344,426,433,419
36t,421,385,325,376,441,359,394,419,414,382,406,471,467,403,449,377,373,390,401,444,482,433,344
320,422,385,335,357,374,347,394,374,400,397,406,430,409,494,407,438,532,390,382,444,482,415,419
103,423,429,484,521,498,463,411,444,430,364,467,395,428,445,355,400,373,374,401,296,236,334,383
174,423,429,421,368,395,310,356,374,367,397,312,415,409,403,536,497,451,475,467,368,466,433,450
524,423,465,393,402,456,417,506,400,367,459,392,430,378,357,423,346,373,360,358,344,426,392,450
26,426,357,393,368,351,331,426,391,490,344,406,456,367,445,423,497,373,452,442,412,517,415,419
90,427,520,470,435,441,537,426,400,506,472,406,345,378,426,380,438,309,341,344,368,336,334,333
394,427,429,440,445,456,417,447,461,400,364,406,359,409,340,392,346,361,427,401,412,347,415,450
33t,429,520,373,357,428,359,356,374,414,488,381,415,321,297,449,497,451,411,421,412,540,512,477
511,430,357,393,435,374,404,394,435,385,409,467,395,467,468,490,524,532,360,401,389,426,392,300
513,431,420,522,435,498,404,447,444,451,409,453,345,397,403,380,400,411,390,333,344,347,392,515
517,431,448,484,417,351,359,477,374,400,435,406,345,428,357,407,419,393,507,442,499,540,415,344
68t,433,385,393,402,326,404,338,400,438,472,508,395,428,372,490,541,451,427,374,499,482,415,477
96,434,429,421,465,395,381,338,391,414,344,453,395,449,494,466,461,348,452,442,499,482,454,419
353,435,379,470,402,351,404,411,461,400,409,392,415,428,321,423,382,411,526,442,499,517,512,515
160b,436,429,393,392,484,431,411,520,344,435,406,430,378,393,490,334,482,475,507,412,364,454,397
382,436,372,498,402,413,431,411,475,400,513,453,456,515,372,407,334,429,526,467,368,376,355,419
94,438,420,440,485,428,444,411,444,476,488,370,359,378,445,380,438,451,411,382,328,466,454,419
467,439,429,508,465,470,393,426,374,414,397,349,499,367,382,423,461,320,475,507,499,482,488,383
470,440,500,484,445,512,404,447,461,438,382,508,499,367,393,407,382,411,411,442,328,393,313,450
410b,441,448,362,315,395,502,463,491,385,513,480,541,484,494,423,438,451,374,467,412,408,345,333
468,441,448,393,499,395,381,447,303,344,279,392,471,449,468,466,541,451,452,507,540,517,512,515
420,443,473,498,521,374,502,437,444,524,459,433,430,367,393,423,377,373,427,507,355,364,392,333
275t,444,407,383,402,341,359,394,444,414,459,453,415,538,426,423,524,429,475,467,412,447,512,535
213b,445,520,498,435,542,463,477,510,438,435,392,471,397,468,334,361,429,427,442,306,347,324,419
301,446,420,522,445,470,502,394,444,476,488,508,499,484,494,423,361,348,475,401,296,376,392,311
330t,447,400,470,499,361,417,385,435,451,513,433,415,409,372,407,334,451,475,467,540,482,454,477
310,448,484,421,445,441,480,506,491,533,459,453,541,397,426,407,400,373,341,313,344,408,392,450
292,449,357,393,485,413,404,477,357,337,382,532,415,467,445,536,497,551,507,442,499,426,454,477
24b,450,448,498,485,512,463,528,510,506,354,392,430,378,357,392,524,361,427,382,412,320,488,450
165,451,400,393,445,395,404,369,520,476,409,480,415,515,468,490,438,482,546,467,527,376,433,344
274b,452,385,498,485,441,549,437,461,506,543,480,499,378,330,380,346,451,452,531,444,408,324,383
558,452,484,484,417,374,372,394,444,400,364,381,471,449,426,519,524,411,475,467,527,482,488,450
50t,454,385,458,417,374,444,447,435,451,409,480,456,397,403,407,524,532,507,442,444,482,454,419
55,454,349,421,529,374,431,338,520,490,472,392,415,449,426,490,438,411,427,442,540,482,488,450
132,454,400,350,402,512,480,494,475,490,435,433,430,484,403,423,419,393,507,382,444,408,488,477
360,454,429,458,368,428,393,463,475,490,488,433,456,428,468,466,461,482,374,442,412,426,433,419
431,454,429,421,445,361,463,426,357,352,397,480,395,428,537,466,497,482,507,442,444,517,512,515
458,459,473,414,417,470,431,437,444,476,364,548,471,449,494,466,497,393,411,467,412,336,415,477
398,460,500,393,485,512,444,437,461,451,513,433,395,428,468,355,438,373,427,507,400,447,488,397
397,461,407,470,499,441,431,356,444,438,382,406,471,515,468,466,419,503,475,467,444,376,512,535
393,462,500,522,511,456,444,437,435,414,364,480,456,409,445,490,438,451,360,382,467,447,488,397
286,463,465,421,465,361,404,463,461,451,488,532,553,467,494,466,438,532,427,442,444,517,355,275
325,463,448,440,445,484,502,437,435,308,344,553,541,428,445,423,438,532,427,421,540,482,392,515
478,463,407,536,549,470,381,463,400,385,397,433,395,515,445,519,438,451,546,467,412,517,355,383
311,466,448,414,521,361,502,447,419,451,409,508,456,449,494,423,400,451,475,401,467,482,454,450
374,467,407,458,376,374,502,447,444,352,554,406,514,515,519,423,382,451,452,507,467,517,488,477
52b,468,539,414,402,413,480,411,400,438,488,406,456,484,494,392,497,503,475,467,467,447,512,397
54,468,465,421,485,484,526,494,444,414,435,532,456,378,403,449,524,503,374,401,499,426,374,477
72t,468,407,484,485,484,463,477,491,451,488,480,471,484,445,449,461,429,475,467,444,376,415,285
386,468,465,508,465,484,417,506,374,385,472,453,471,467,372,449,419,532,411,467,467,426,488,477
81b,472,448,440,499,484,555,463,520,476,488,453,471,428,403,392,400,429,374,401,444,408,374,477
414,472,400,484,402,470,463,463,435,438,428,433,471,538,403,519,497,411,452,467,444,517,454,419
80t,474,448,470,465,374,463,369,391,490,472,508,471,538,445,490,461,451,452,382,412,482,454,535
140,474,473,470,402,512,526,463,435,352,488,508,499,409,468,423,438,429,475,531,467,393,415,397
242,476,448,470,529,441,502,447,491,476,513,480,395,449,519,466,419,361,390,401,527,447,392,372
367,476,407,373,445,512,404,385,419,451,472,467,514,484,519,519,497,503,452,421,368,540,544,477
346,478,484,484,445,441,480,477,419,451,435,467,471,515,426,407,438,411,475,401,467,466,454,477
433,478,539,508,392,413,417,426,475,476,435,381,471,449,537,519,461,451,475,467,467,447,433,397
553,478,500,522,465,374,444,494,444,451,513,467,471,538,445,392,497,429,427,358,444,376,454,515
188,481,500,508,417,470,444,411,461,451,409,508,514,428,426,466,461,429,452,507,467,426,454,477
289,481,473,440,465,428,417,540,419,533,530,480,471,467,382,490,541,482,475,442,389,447,392,383
416,483,407,414,521,484,444,549,491,438,543,532,514,409,519,449,461,348,341,382,444,482,488,450
423,483,357,304,350,441,444,528,491,451,488,532,514,538,547,549,497,532,390,442,540,482,512,477
184,485,500,458,529,456,502,494,444,490,435,480,499,428,494,423,541,482,452,421,400,447,345,372
381,485,448,498,499,531,431,463,475,476,472,406,386,428,403,519,461,429,507,442,412,517,488,419
451,485,530,484,499,512,549,411,491,451,428,532,430,449,393,449,497,482,390,358,389,466,433,477
572,485,500,508,529,498,502,463,475,414,435,508,386,515,468,490,419,429,411,442,368,426,433,419
404,489,429,406,417,512,502,506,461,506,435,508,541,484,494,536,438,451,427,421,389,482,433,355
487,490,500,470,485,374,404,506,419,451,382,406,499,449,426,490,524,532,526,531,499,482,488,515
51,491,500,484,543,470,480,477,491,367,435,508,456,428,426,490,400,503,475,421,444,376,544,477
295,491,484,470,499,531,502,477,391,533,488,480,533,467,426,490,400,482,427,442,444,426,374,372
518,491,473,508,529,542,502,463,419,451,472,433,430,484,445,423,419,411,390,421,467,517,454,450
37t,494,473,550,521,542,502,528,491,547,513,329,345,409,393,466,461,429,546,421,412,408,415,419
76t,494,484,440,549,441,431,477,520,506,435,406,471,345,426,519,419,451,427,467,499,517,512,477
82b,494,500,393,368,361,537,437,520,506,488,548,553,467,468,490,438,411,427,548,467,447,454,450
545,497,448,458,485,395,393,540,475,430,513,508,541,449,426,490,419,451,452,421,499,540,544,477
409,498,473,440,465,498,393,426,444,524,488,453,499,467,519,490,524,411,475,548,467,482,512,397
83b,499,520,484,445,456,502,447,510,430,472,480,430,484,537,519,438,482,360,442,540,426,415,535
453,499,484,458,485,441,526,447,520,524,435,480,471,467,445,423,524,482,507,442,467,426,433,419
462,501,420,484,435,374,381,494,491,490,488,480,514,515,468,490,541,503,526,531,412,426,512,535
161,502,547,544,549,512,549,477,520,506,513,508,471,467,547,449,361,482,452,358,400,336,374,311
531,502,473,440,402,428,431,528,475,533,488,508,456,397,519,519,497,503,507,421,527,466,488,477
539,502,530,421,549,512,417,437,520,506,459,453,386,515,426,423,321,503,526,531,499,482,512,515
355,505,520,470,485,470,444,506,475,476,397,480,471,484,468,423,497,503,475,467,499,482,512,450
502,505,407,522,511,441,463,447,461,400,513,508,514,484,494,519,461,532,526,531,467,466,392,477
266,507,420,440,465,553,463,494,520,547,397,433,499,484,468,536,461,503,452,507,540,408,454,419
412,508,484,522,511,542,502,506,475,506,409,406,541,467,494,392,419,451,475,507,527,447,544,333
41,509,465,458,465,531,431,540,475,553,409,548,514,538,468,490,377,503,374,548,499,447,454,450
293,509,530,536,485,512,502,506,357,506,409,433,415,538,519,423,461,482,546,467,467,466,488,477
484,509,530,522,549,542,444,494,491,533,513,467,471,467,393,449,382,451,452,333,444,517,454,477
223,512,500,522,435,428,543,540,491,451,530,406,533,449,519,392,438,532,475,507,499,466,454,397
476,512,420,522,465,512,463,494,461,476,382,480,415,484,494,536,541,503,526,467,499,466,544,477
185,514,484,508,521,470,480,528,539,490,488,480,514,484,537,490,497,429,390,421,444,408,392,450
571,514,500,406,511,542,537,506,461,506,488,406,415,515,382,466,541,482,526,467,467,447,512,515
279,516,372,421,445,498,480,494,510,490,472,553,533,484,519,536,461,503,507,421,540,482,512,450
45b,517,520,522,499,531,480,477,539,490,488,532,456,397,403,423,461,451,546,467,412,426,512,515
93,517,500,544,529,498,431,540,475,533,543,508,471,484,403,449,419,451,452,467,412,426,454,419
395,517,555,536,521,498,502,528,520,451,459,433,415,428,468,466,524,503,360,442,499,408,512,515
488,520,429,421,529,512,526,549,491,385,472,467,319,515,547,549,524,503,526,531,540,447,488,515
562,520,484,484,392,456,417,411,510,490,435,480,541,538,519,536,524,503,526,548,540,517,454,515
92,522,500,484,417,413,480,506,539,506,488,532,514,515,519,466,497,393,427,531,527,517,454,515
152,522,520,440,529,553,444,553,510,553,543,381,514,484,494,466,461,503,507,421,467,482,355,344
130,524,530,440,543,553,502,477,520,414,530,532,499,515,519,519,497,503,328,358,467,426,544,515
225b,524,520,544,465,484,502,506,475,524,472,467,430,515,519,466,461,482,507,421,467,447,512,450
399t,524,539,458,465,428,526,411,539,547,530,508,430,515,468,380,541,503,475,507,499,540,454,515
461,527,539,508,357,498,549,506,520,533,488,532,499,484,403,466,461,451,526,507,499,482,512,419
88b,528,429,406,499,512,444,506,555,533,513,508,533,484,468,490,541,532,507,467,499,517,488,419
116,529,448,440,465,456,526,506,555,506,459,467,514,538,537,549,461,393,546,548,527,517,512,477
465,529,473,508,485,428,526,540,491,506,382,532,456,553,547,536,438,532,507,548,527,482,512,450
471,529,547,522,549,542,526,506,444,476,554,508,456,484,494,490,461,451,427,467,412,482,415,450
158,532,484,550,543,512,480,494,539,506,530,433,430,515,445,536,400,532,546,467,499,482,433,419
516,533,530,536,529,531,480,556,510,476,488,467,456,484,547,549,541,503,475,507,400,426,374,397
570,533,557,508,499,498,555,528,551,451,543,508,471,449,494,490,497,451,526,382,412,466,392,477
69b,535,448,508,485,484,526,506,539,533,543,553,514,538,519,519,555,451,452,531,389,466,433,477
437,535,547,508,511,531,549,528,520,451,435,453,499,467,547,423,461,451,526,507,499,482,454,535
308,537,500,440,435,553,502,506,491,524,530,433,533,515,547,490,524,451,475,548,540,517,512,477
429,537,539,544,402,498,480,556,461,524,530,406,514,515,494,536,438,429,452,531,540,540,544,477
493,539,547,470,445,413,557,506,551,553,554,480,471,538,468,466,461,551,526,442,527,466,512,397
169,540,420,421,499,456,444,549,539,557,543,553,471,553,519,519,461,532,546,507,499,540,512,535
541,541,539,550,511,374,502,506,491,490,543,467,541,538,519,466,461,503,507,507,540,540,544,535
463,542,530,536,549,531,526,528,491,476,459,433,415,428,494,519,555,551,526,548,540,540,512,535
359,543,484,544,529,512,480,477,551,547,530,532,514,484,547,490,461,551,507,467,499,447,488,477
407,543,539,536,511,557,526,506,510,490,513,480,430,553,468,519,461,429,526,531,540,517,544,477
450,543,547,498,549,484,537,540,520,524,530,532,533,467,494,490,497,482,427,467,527,466,488,535
263,546,500,544,529,512,543,494,539,506,472,480,514,538,537,549,438,503,526,531,467,540,454,450
271b,546,500,550,529,542,537,549,551,553,543,508,541,484,494,449,497,451,475,467,527,393,392,535
285b,548,539,550,511,512,480,463,520,547,513,548,541,515,537,466,438,503,452,548,467,540,544,477
413,549,547,498,543,470,543,540,475,547,543,480,541,484,494,549,524,503,452,507,444,517,544,477
483,549,500,522,465,498,463,528,555,506,488,467,514,538,537,549,524,551,546,507,499,540,544,535
118,551,484,536,511,542,444,528,539,524,530,532,533,484,519,549,524,532,526,467,540,482,488,515
459,552,547,536,521,531,543,540,520,438,530,548,514,515,494,466,541,532,475,467,467,540,512,535
25,553,500,522,529,542,502,528,510,533,530,480,541,484,494,536,541,532,507,531,540,540,544,535
449,554,547,522,543,498,480,506,539,506,554,508,553,538,547,536,497,503,546,548,467,517,488,535
115,555,530,550,529,470,537,494,539,533,513,532,553,515,547,536,541,532,546,531,467,517,512,535
160t,556,530,550,549,531,543,553,510,533,513,508,499,553,537,519,524,482,526,531,467,540,512,535
24t,557,555,550,543,542,480,553,520,533,530,553,553,553,537,549,555,551,546,531,540,540,454,535
